1622184525927,null,2,0,0.0,Fri May 28 10:00:00 CST 2021,kaiyi,kaiyi
1622184525945,null,2,0,0.0,Fri May 28 14:00:00 CST 2021,kaiyi,kaiyi
1622184525946,null,2,0,0.0,Sat May 29 10:00:00 CST 2021,kaiyi,kaiyi
1622207331861,null,2,0,0.0,Sun May 30 16:00:00 GMT+08:00 2021,kaiyi,kaiyi
1622207344334,null,2,0,0.0,Mon May 31 10:00:00 GMT+08:00 2021,kaiyi,kaiyi
1622207657890,null,2,0,0.0,Tue Jun 01 10:00:00 GMT+08:00 2021,kaiyi,test
1622216914416,null,2,0,0.0,Wed Jun 02 10:00:00 GMT+08:00 2021,kaiyi,test
1622216914417,null,2,0,0.0,Wed Jun 02 10:00:00 GMT+08:00 2021,kaiyi1,test
1622468359341,null,2,0,0.0,Tue Jun 01 18:00:00 CST 2021,kaiyi,kaiyi1622478166238,null,2,0,0.0,Wed Jun 02 18:00:00 GMT+08:00 2021,kaiyi,test
1622478177763,null,2,0,0.0,Thu Jun 03 18:00:00 GMT+08:00 2021,kaiyi,test
1622478182325,null,2,0,0.0,Wed Jun 02 18:00:00 GMT+08:00 2021,kaiyi,test
1622478186075,null,2,0,0.0,Fri Jun 04 18:00:00 GMT+08:00 2021,kaiyi,test
1622478189056,null,2,0,0.0,Wed Jun 02 14:00:00 GMT+08:00 2021,kaiyi,test
1622478191769,null,2,0,0.0,Thu Jun 03 14:00:00 GMT+08:00 2021,kaiyi,test
1622478194076,null,2,0,0.0,Fri Jun 04 14:00:00 GMT+08:00 2021,kaiyi,test
1622478196500,null,2,0,0.0,Fri Jun 04 10:00:00 GMT+08:00 2021,kaiyi,test
1622478198967,null,2,0,0.0,Sat Jun 05 08:00:00 GMT+08:00 2021,kaiyi,test
1622478201763,null,2,0,0.0,Sun Jun 06 14:00:00 GMT+08:00 2021,kaiyi,test
1622478203929,null,2,0,0.0,Mon Jun 07 18:00:00 GMT+08:00 2021,kaiyi,test
1622478206319,null,2,0,0.0,Tue Jun 08 14:00:00 GMT+08:00 2021,kaiyi,test
1622478208899,null,2,0,0.0,Tue Jun 08 08:00:00 GMT+08:00 2021,kaiyi,test
1622478605623,null,2,0,0.0,Sun Jun 06 08:00:00 GMT+08:00 2021,kaiyi,kaiyi
1622478607387,null,2,0,0.0,Mon Jun 07 08:00:00 GMT+08:00 2021,kaiyi,kaiyi
1622478609615,null,2,0,0.0,Mon Jun 07 10:00:00 GMT+08:00 2021,kaiyi,kaiyi
1622478610857,null,2,0,0.0,Sun Jun 06 10:00:00 GMT+08:00 2021,kaiyi,kaiyi
1622478799296,null,2,0,0.0,Tue Jun 08 10:00:00 GMT+08:00 2021,kaiyi,kaiyi
1622478800923,null,2,0,0.0,Tue Jun 08 16:00:00 GMT+08:00 2021,kaiyi,kaiyi
1622478803231,null,2,0,0.0,Tue Jun 08 18:00:00 GMT+08:00 2021,kaiyi,kaiyi
1622478805333,null,2,0,0.0,Mon Jun 07 14:00:00 GMT+08:00 2021,kaiyi,kaiyi
1622478806884,null,2,0,0.0,Mon Jun 07 16:00:00 GMT+08:00 2021,kaiyi,kaiyi
1622478808321,null,2,0,0.0,Sun Jun 06 16:00:00 GMT+08:00 2021,kaiyi,kaiyi
1622478810587,null,2,0,0.0,Sun Jun 06 18:00:00 GMT+08:00 2021,kaiyi,kaiyi
1622478812762,null,2,0,0.0,Sat Jun 05 14:00:00 GMT+08:00 2021,kaiyi,kaiyi
1622478814160,null,2,0,0.0,Sat Jun 05 16:00:00 GMT+08:00 2021,kaiyi,kaiyi
1622478816158,null,2,0,0.0,Sat Jun 05 18:00:00 GMT+08:00 2021,kaiyi,kaiyi
1622480516779,null,2,0,0.0,Thu Jun 03 08:00:00 GMT+08:00 2021,kaiyi,kaiyi
1622480532741,null,2,0,0.0,Thu Jun 03 10:00:00 GMT+08:00 2021,kaiyi,kaiyi
1622480765281,null,2,0,0.0,Mon Jun 07 08:00:00 GMT+08:00 2021,kaiyi,kaiyi
1622480777117,null,2,0,0.0,Sat Jun 05 14:00:00 GMT+08:00 2021,kaiyi,kaiyi
1622480858274,null,2,0,0.0,Mon Jun 07 10:00:00 GMT+08:00 2021,kaiyi,kaiyi
1622480948761,null,2,0,0.0,Mon Jun 07 14:00:00 GMT+08:00 2021,kaiyi,kaiyi
